<?xml version="1.0" encoding="utf-8"?>
<pindata xsi:schemaLocation="http://cypress.com/xsd/cypindata_v2 ../../dtd/cypindata_v2.xsd" device="CY8C4247LQI-BL483" package="56-QFN" xmlns:xsi="http://www.w3.org/2001/XMLSchema-instance" xmlns="http://cypress.com/xsd/cypindata_v2">
  <capabilities>
    <capability name="DIGITAL" value="0x0000000000000001" />
    <capability name="ANALOG" value="0x0000000000000002" />
    <capability name="ROUTABLE" value="0x0000000000000004" />
    <capability name="GPIO" value="0x0000000000000010" />
    <capability name="SIO" value="0x0000000000000020" />
    <capability name="OVTIO" value="0x0000000000000040" />
    <capability name="TRUETOUCH" value="0x0000000000000080" />
    <capability name="DAC_HI_OUT" value="0x0000000000000100" />
    <capability name="ABUF_POS" value="0x0000000000000200" />
    <capability name="ABUF_OUT" value="0x0000000000000400" />
    <capability name="ABUF_NEG" value="0x0000000000000800" />
    <capability name="SWD" value="0x0000000000001000" />
    <capability name="SWO" value="0x0000000000002000" />
    <capability name="JTAG" value="0x0000000000004000" />
    <capability name="JTAG_NTRST" value="0x0000000000008000" />
    <capability name="XRES" value="0x0000000000010000" />
    <capability name="TRACE" value="0x0000000000020000" />
    <capability name="WAKEUP" value="0x0000000000040000" />
    <capability name="I2CWKUP_SDA" value="0x0000000000100000" />
    <capability name="I2CWKUP_SCL" value="0x0000000000200000" />
    <capability name="USB_D_PLUS" value="0x0000000000400000" />
    <capability name="USB_D_MINUS" value="0x0000000000800000" />
    <capability name="ECO_MHZ_XO" value="0x0000000001000000" />
    <capability name="ECO_MHZ_XI" value="0x0000000002000000" />
    <capability name="ECO_32KHZ_XO" value="0x0000000004000000" />
    <capability name="ECO_32KHZ_XI" value="0x0000000008000000" />
    <capability name="DSM_EXT_PIN_ONE" value="0x0000000010000000" />
    <capability name="DSM_EXT_PIN_TWO" value="0x0000000020000000" />
    <capability name="SAR_EXT_PIN" value="0x0000000040000000" />
    <capability name="EXTSYNC" value="0x0000000100000000" />
    <capability name="EXTREJECT" value="0x0000000200000000" />
    <capability name="EXTCLK" value="0x0000000400000000" />
    <capability name="EXT_VREF" value="0x0000000800000000" />
    <capability name="PORT_INTERRUPT" value="0x0000001000000000" />
    <capability name="HOTSWAP" value="0x0000002000000000" />
    <capability name="LCD_COM" value="0x0000004000000000" />
    <capability name="LCD_SEG" value="0x0000008000000000" />
    <capability name="CSD_SHIELD_TANK" value="0x0000010000000000" />
    <capability name="CSD_CMOD" value="0x0000020000000000" />
  </capabilities>
  <pins>
    <pin number="1" name="VDDD" ioSupplyPin="VDDIO" powerPadNames="VDDIO;VDDD;VDDIO" capabilities="0x0000000000000000" />
    <pin number="2" name="XTAL32O/P6[0]" portId="6" pinId="0" ioSupplyPin="VDDIO" capabilities="0x0000000004000013">
      <ffbterm ffbtype="BLESS" ffbid="0" term="wco_out" required="true" />
    </pin>
    <pin number="3" name="XTAL32I/P6[1]" portId="6" pinId="1" ioSupplyPin="VDDIO" capabilities="0x0000000008000013">
      <ffbterm ffbtype="BLESS" ffbid="0" term="wco_in" required="true" />
    </pin>
    <pin number="4" name="XRES" ioSupplyPin="VDDIO" dedicatedPadNames="XRES" capabilities="0x0000000000000000" />
    <pin number="5" name="P4[0]" portId="4" pinId="0" ioSupplyPin="VDDIO" capabilities="0x000002D000000013">
      <ffbterm ffbtype="CSD" ffbid="0" term="c_mod" required="true" />
      <ffbterm ffbtype="TCPWM" ffbid="0" term="line_out" required="false" />
      <ffbterm ffbtype="SCB" ffbid="1" term="uart_rts" required="true" />
      <ffbterm ffbtype="SCB" ffbid="1" term="rts" required="true" />
      <ffbterm ffbtype="M0S8LCD" ffbid="0" term="com" wire="32" required="false" />
      <ffbterm ffbtype="M0S8LCD" ffbid="0" term="seg" wire="32" required="false" />
      <ffbterm ffbtype="SCB" ffbid="1" term="spi_mosi" required="true" />
      <ffbterm ffbtype="SCB" ffbid="1" term="mosi_m" required="true" />
      <ffbterm ffbtype="SCB" ffbid="1" term="mosi_s" required="true" />
    </pin>
    <pin number="6" name="P4[1]" portId="4" pinId="1" ioSupplyPin="VDDIO" capabilities="0x000001D000000013">
      <ffbterm ffbtype="CSD" ffbid="0" term="c_sh_tank" required="true" />
      <ffbterm ffbtype="TCPWM" ffbid="0" term="line_out_compl" required="false" />
      <ffbterm ffbtype="SCB" ffbid="1" term="uart_cts" required="true" />
      <ffbterm ffbtype="SCB" ffbid="1" term="cts" required="true" />
      <ffbterm ffbtype="M0S8LCD" ffbid="0" term="com" wire="33" required="false" />
      <ffbterm ffbtype="M0S8LCD" ffbid="0" term="seg" wire="33" required="false" />
      <ffbterm ffbtype="SCB" ffbid="1" term="spi_miso" required="true" />
      <ffbterm ffbtype="SCB" ffbid="1" term="miso_m" required="true" />
      <ffbterm ffbtype="SCB" ffbid="1" term="miso_s" required="true" />
    </pin>
    <pin number="7" name="P5[0]" portId="5" pinId="0" ioSupplyPin="VDDIO" capabilities="0x000000F000000053">
      <ffbterm ffbtype="TCPWM" ffbid="3" term="line_out" required="false" />
      <ffbterm ffbtype="SCB" ffbid="1" term="uart_rx" required="true" />
      <ffbterm ffbtype="SCB" ffbid="1" term="rx" required="true" />
      <ffbterm ffbtype="BLESS" ffbid="0" term="rfctrl_extpa_en" required="true" />
      <ffbterm ffbtype="M0S8LCD" ffbid="0" term="com" wire="34" required="false" />
      <ffbterm ffbtype="M0S8LCD" ffbid="0" term="seg" wire="34" required="false" />
      <ffbterm ffbtype="SCB" ffbid="1" term="i2c_sda" required="true" />
      <ffbterm ffbtype="SCB" ffbid="1" term="sda" required="true" />
      <ffbterm ffbtype="SCB" ffbid="1" term="spi_select" wire="0" required="true" />
      <ffbterm ffbtype="SCB" ffbid="1" term="select_m" wire="0" required="true" resource="spi_select_0" />
      <ffbterm ffbtype="SCB" ffbid="1" term="select_m" wire="1" required="true" resource="spi_select_0" />
      <ffbterm ffbtype="SCB" ffbid="1" term="select_m" wire="2" required="true" resource="spi_select_0" />
      <ffbterm ffbtype="SCB" ffbid="1" term="select_m" wire="3" required="true" resource="spi_select_0" />
      <ffbterm ffbtype="SCB" ffbid="1" term="select_s" required="true" resource="spi_select_0" />
    </pin>
    <pin number="8" name="P5[1]" portId="5" pinId="1" ioSupplyPin="VDDIO" capabilities="0x000000F400000053">
      <ffbterm ffbtype="TCPWM" ffbid="3" term="line_out_compl" required="false" />
      <ffbterm ffbtype="SCB" ffbid="1" term="uart_tx" required="true" />
      <ffbterm ffbtype="SCB" ffbid="1" term="tx" required="true" />
      <ffbterm ffbtype="SRSS" ffbid="0" term="ext_clk" alternative="2" required="true" />
      <ffbterm ffbtype="M0S8LCD" ffbid="0" term="com" wire="35" required="false" />
      <ffbterm ffbtype="M0S8LCD" ffbid="0" term="seg" wire="35" required="false" />
      <ffbterm ffbtype="SCB" ffbid="1" term="i2c_scl" required="true" />
      <ffbterm ffbtype="SCB" ffbid="1" term="scl" required="true" />
      <ffbterm ffbtype="SCB" ffbid="1" term="spi_clk" required="true" />
      <ffbterm ffbtype="SCB" ffbid="1" term="sclk_m" required="true" />
      <ffbterm ffbtype="SCB" ffbid="1" term="sclk_s" required="true" />
    </pin>
    <pin number="9" name="VSSD" ioSupplyPin="VDDIO" powerPadNames="VSSD" capabilities="0x0000000000000000" />
    <pin number="10" name="VDDR" ioSupplyPin="VDDR_HLS" powerPadNames="VDDR_HLS;VDDR_BGLS" capabilities="0x0000000000000000">
      <ffbterm ffbtype="BLESS" ffbid="0" term="pad_vddr_hls" required="true" />
      <ffbterm ffbtype="BLESS" ffbid="0" term="pad_vddr_bgls" required="true" />
    </pin>
    <pin number="11" name="GANT1" ioSupplyPin="VDDR_HF" dedicatedPadNames="GANT1" capabilities="0x0000000000000000">
      <ffbterm ffbtype="BLESS" ffbid="0" term="pad_gant" wire="1" required="true" />
    </pin>
    <pin number="12" name="ANT" ioSupplyPin="VDDR_HF" dedicatedPadNames="ANT" capabilities="0x0000000000000000">
      <ffbterm ffbtype="BLESS" ffbid="0" term="pad_ant" required="true" />
    </pin>
    <pin number="13" name="GANT2" ioSupplyPin="VDDR_HF" dedicatedPadNames="GANT2" capabilities="0x0000000000000000">
      <ffbterm ffbtype="BLESS" ffbid="0" term="pad_gant" wire="2" required="true" />
    </pin>
    <pin number="14" name="VDDR" ioSupplyPin="VDDR_HF" powerPadNames="VDDR_HF" capabilities="0x0000000000000000">
      <ffbterm ffbtype="BLESS" ffbid="0" term="pad_vddr_hf" required="true" />
    </pin>
    <pin number="15" name="VDDR" ioSupplyPin="VDDR_SYN" powerPadNames="VDDR_SYN" capabilities="0x0000000000000000">
      <ffbterm ffbtype="BLESS" ffbid="0" term="pad_vddr_syn" required="true" />
    </pin>
    <pin number="16" name="XTAL24I" ioSupplyPin="VDDR_LF" dedicatedPadNames="XTAL24I" capabilities="0x0000000000000000">
      <ffbterm ffbtype="BLESS" ffbid="0" term="pad_xtali_24mhz" required="true" />
    </pin>
    <pin number="17" name="XTAL24O" ioSupplyPin="VDDR_LF" dedicatedPadNames="XTAL24O" capabilities="0x0000000000000000">
      <ffbterm ffbtype="BLESS" ffbid="0" term="pad_xtalo_24mhz" required="true" />
    </pin>
    <pin number="18" name="VDDR" ioSupplyPin="VDDR_LF" powerPadNames="VDDR_LF" capabilities="0x0000000000000000">
      <ffbterm ffbtype="BLESS" ffbid="0" term="pad_vddr_lf" required="true" />
    </pin>
    <pin number="19" name="P0[0]" portId="0" pinId="0" ioSupplyPin="VDDIO" capabilities="0x000000D000000017">
      <ffbterm ffbtype="LPCOMP" ffbid="0" term="in_p" wire="0" required="true" />
      <ffbterm ffbtype="TCPWM" ffbid="0" term="line_out" alternative="3" required="false" />
      <ffbterm ffbtype="SCB" ffbid="1" term="uart_rx" alternative="1" required="true" />
      <ffbterm ffbtype="SCB" ffbid="1" term="rx" alternative="1" required="true" />
      <ffbterm ffbtype="M0S8LCD" ffbid="0" term="com" wire="0" required="false" />
      <ffbterm ffbtype="M0S8LCD" ffbid="0" term="seg" wire="0" required="false" />
      <ffbterm ffbtype="SCB" ffbid="1" term="i2c_sda" alternative="1" required="true" />
      <ffbterm ffbtype="SCB" ffbid="1" term="sda" alternative="1" required="true" />
      <ffbterm ffbtype="SCB" ffbid="1" term="spi_mosi" alternative="1" required="true" />
      <ffbterm ffbtype="SCB" ffbid="1" term="mosi_m" alternative="1" required="true" />
      <ffbterm ffbtype="SCB" ffbid="1" term="mosi_s" alternative="1" required="true" />
    </pin>
    <pin number="20" name="P0[1]" portId="0" pinId="1" ioSupplyPin="VDDIO" capabilities="0x000000D000000017">
      <ffbterm ffbtype="LPCOMP" ffbid="0" term="in_n" wire="0" required="true" />
      <ffbterm ffbtype="TCPWM" ffbid="0" term="line_out_compl" alternative="3" required="false" />
      <ffbterm ffbtype="SCB" ffbid="1" term="uart_tx" alternative="1" required="true" />
      <ffbterm ffbtype="SCB" ffbid="1" term="tx" alternative="1" required="true" />
      <ffbterm ffbtype="M0S8LCD" ffbid="0" term="com" wire="1" required="false" />
      <ffbterm ffbtype="M0S8LCD" ffbid="0" term="seg" wire="1" required="false" />
      <ffbterm ffbtype="SCB" ffbid="1" term="i2c_scl" alternative="1" required="true" />
      <ffbterm ffbtype="SCB" ffbid="1" term="scl" alternative="1" required="true" />
      <ffbterm ffbtype="SCB" ffbid="1" term="spi_miso" alternative="1" required="true" />
      <ffbterm ffbtype="SCB" ffbid="1" term="miso_m" alternative="1" required="true" />
      <ffbterm ffbtype="SCB" ffbid="1" term="miso_s" alternative="1" required="true" />
    </pin>
    <pin number="21" name="P0[2]" portId="0" pinId="2" ioSupplyPin="VDDIO" capabilities="0x000000D000000017">
      <ffbterm ffbtype="TCPWM" ffbid="1" term="line_out" alternative="3" required="false" />
      <ffbterm ffbtype="SCB" ffbid="1" term="uart_rts" alternative="1" required="true" />
      <ffbterm ffbtype="SCB" ffbid="1" term="rts" alternative="1" required="true" />
      <ffbterm ffbtype="M0S8LCD" ffbid="0" term="com" wire="2" required="false" />
      <ffbterm ffbtype="M0S8LCD" ffbid="0" term="seg" wire="2" required="false" />
      <ffbterm ffbtype="LPCOMP" ffbid="0" term="comp" wire="0" required="true" />
      <ffbterm ffbtype="SCB" ffbid="1" term="spi_select" wire="0" alternative="1" required="true" />
      <ffbterm ffbtype="SCB" ffbid="1" term="select_m" wire="0" alternative="1" required="true" resource="spi_select_0" />
      <ffbterm ffbtype="SCB" ffbid="1" term="select_m" wire="1" alternative="1" required="true" resource="spi_select_0" />
      <ffbterm ffbtype="SCB" ffbid="1" term="select_m" wire="2" alternative="1" required="true" resource="spi_select_0" />
      <ffbterm ffbtype="SCB" ffbid="1" term="select_m" wire="3" alternative="1" required="true" resource="spi_select_0" />
      <ffbterm ffbtype="SCB" ffbid="1" term="select_s" alternative="1" required="true" resource="spi_select_0" />
    </pin>
    <pin number="22" name="P0[3]" portId="0" pinId="3" ioSupplyPin="VDDIO" capabilities="0x000000D000000017">
      <ffbterm ffbtype="TCPWM" ffbid="1" term="line_out_compl" alternative="3" required="false" />
      <ffbterm ffbtype="SCB" ffbid="1" term="uart_cts" alternative="1" required="true" />
      <ffbterm ffbtype="SCB" ffbid="1" term="cts" alternative="1" required="true" />
      <ffbterm ffbtype="M0S8LCD" ffbid="0" term="com" wire="3" required="false" />
      <ffbterm ffbtype="M0S8LCD" ffbid="0" term="seg" wire="3" required="false" />
      <ffbterm ffbtype="LPCOMP" ffbid="0" term="comp" wire="1" required="true" />
      <ffbterm ffbtype="SCB" ffbid="1" term="spi_clk" alternative="1" required="true" />
      <ffbterm ffbtype="SCB" ffbid="1" term="sclk_m" alternative="1" required="true" />
      <ffbterm ffbtype="SCB" ffbid="1" term="sclk_s" alternative="1" required="true" />
    </pin>
    <pin number="23" name="VDDD" ioSupplyPin="VDDIO" powerPadNames="VDDIO" capabilities="0x0000000000000000" />
    <pin number="24" name="P0[4]" portId="0" pinId="4" ioSupplyPin="VDDIO" capabilities="0x000000D400000017">
      <ffbterm ffbtype="LPCOMP" ffbid="0" term="in_p" wire="1" required="true" />
      <ffbterm ffbtype="TCPWM" ffbid="1" term="line_out" required="false" />
      <ffbterm ffbtype="SCB" ffbid="0" term="uart_rx" alternative="1" required="true" />
      <ffbterm ffbtype="SCB" ffbid="0" term="rx" alternative="1" required="true" />
      <ffbterm ffbtype="SRSS" ffbid="0" term="ext_clk" required="true" />
      <ffbterm ffbtype="M0S8LCD" ffbid="0" term="com" wire="4" required="false" />
      <ffbterm ffbtype="M0S8LCD" ffbid="0" term="seg" wire="4" required="false" />
      <ffbterm ffbtype="SCB" ffbid="0" term="i2c_sda" alternative="1" required="true" />
      <ffbterm ffbtype="SCB" ffbid="0" term="sda" alternative="1" required="true" />
      <ffbterm ffbtype="SCB" ffbid="0" term="spi_mosi" alternative="1" required="true" />
      <ffbterm ffbtype="SCB" ffbid="0" term="mosi_m" alternative="1" required="true" />
      <ffbterm ffbtype="SCB" ffbid="0" term="mosi_s" alternative="1" required="true" />
    </pin>
    <pin number="25" name="P0[5]" portId="0" pinId="5" ioSupplyPin="VDDIO" capabilities="0x000000D000000017">
      <ffbterm ffbtype="LPCOMP" ffbid="0" term="in_n" wire="1" required="true" />
      <ffbterm ffbtype="TCPWM" ffbid="1" term="line_out_compl" required="false" />
      <ffbterm ffbtype="SCB" ffbid="0" term="uart_tx" alternative="1" required="true" />
      <ffbterm ffbtype="SCB" ffbid="0" term="tx" alternative="1" required="true" />
      <ffbterm ffbtype="M0S8LCD" ffbid="0" term="com" wire="5" required="false" />
      <ffbterm ffbtype="M0S8LCD" ffbid="0" term="seg" wire="5" required="false" />
      <ffbterm ffbtype="SCB" ffbid="0" term="i2c_scl" alternative="1" required="true" />
      <ffbterm ffbtype="SCB" ffbid="0" term="scl" alternative="1" required="true" />
      <ffbterm ffbtype="SCB" ffbid="0" term="spi_miso" alternative="1" required="true" />
      <ffbterm ffbtype="SCB" ffbid="0" term="miso_m" alternative="1" required="true" />
      <ffbterm ffbtype="SCB" ffbid="0" term="miso_s" alternative="1" required="true" />
    </pin>
    <pin number="26" name="P0[6]" portId="0" pinId="6" ioSupplyPin="VDDIO" capabilities="0x000000D000001017">
      <ffbterm ffbtype="TCPWM" ffbid="2" term="line_out" required="false" />
      <ffbterm ffbtype="SCB" ffbid="0" term="uart_rts" alternative="1" required="true" />
      <ffbterm ffbtype="SCB" ffbid="0" term="rts" alternative="1" required="true" />
      <ffbterm ffbtype="M0S8LCD" ffbid="0" term="com" wire="6" required="false" />
      <ffbterm ffbtype="M0S8LCD" ffbid="0" term="seg" wire="6" required="false" />
      <ffbterm ffbtype="CPUSS" ffbid="0" term="swd_data" required="true" />
      <ffbterm ffbtype="SCB" ffbid="0" term="spi_select" wire="0" alternative="1" required="true" />
      <ffbterm ffbtype="SCB" ffbid="0" term="select_m" wire="0" alternative="1" required="true" resource="spi_select_0" />
      <ffbterm ffbtype="SCB" ffbid="0" term="select_m" wire="1" alternative="1" required="true" resource="spi_select_0" />
      <ffbterm ffbtype="SCB" ffbid="0" term="select_m" wire="2" alternative="1" required="true" resource="spi_select_0" />
      <ffbterm ffbtype="SCB" ffbid="0" term="select_m" wire="3" alternative="1" required="true" resource="spi_select_0" />
      <ffbterm ffbtype="SCB" ffbid="0" term="select_s" alternative="1" required="true" resource="spi_select_0" />
    </pin>
    <pin number="27" name="P0[7]" portId="0" pinId="7" ioSupplyPin="VDDIO" capabilities="0x000000D000001017">
      <ffbterm ffbtype="TCPWM" ffbid="2" term="line_out_compl" required="false" />
      <ffbterm ffbtype="SCB" ffbid="0" term="uart_cts" alternative="1" required="true" />
      <ffbterm ffbtype="SCB" ffbid="0" term="cts" alternative="1" required="true" />
      <ffbterm ffbtype="M0S8LCD" ffbid="0" term="com" wire="7" required="false" />
      <ffbterm ffbtype="M0S8LCD" ffbid="0" term="seg" wire="7" required="false" />
      <ffbterm ffbtype="CPUSS" ffbid="0" term="swd_clk" required="true" />
      <ffbterm ffbtype="SCB" ffbid="0" term="spi_clk" alternative="1" required="true" />
      <ffbterm ffbtype="SCB" ffbid="0" term="sclk_m" alternative="1" required="true" />
      <ffbterm ffbtype="SCB" ffbid="0" term="sclk_s" alternative="1" required="true" />
    </pin>
    <pin number="28" name="P1[0]" portId="1" pinId="0" ioSupplyPin="VDDIO" capabilities="0x000000D000000217">
      <ffbterm ffbtype="OA" ffbid="2" term="vplus" required="false" />
      <ffbterm ffbtype="TCPWM" ffbid="0" term="line_out" alternative="1" required="false" />
      <ffbterm ffbtype="M0S8LCD" ffbid="0" term="com" wire="8" required="false" />
      <ffbterm ffbtype="M0S8LCD" ffbid="0" term="seg" wire="8" required="false" />
      <ffbterm ffbtype="LPCOMP" ffbid="0" term="comp" wire="0" alternative="1" required="true" />
      <ffbterm ffbtype="SRSS" ffbid="0" term="ext_clk_lf" alternative="2" required="true" />
    </pin>
    <pin number="29" name="P1[1]" portId="1" pinId="1" ioSupplyPin="VDDIO" capabilities="0x000000D000000817">
      <ffbterm ffbtype="OA" ffbid="2" term="vminus" required="false" />
      <ffbterm ffbtype="TCPWM" ffbid="0" term="line_out_compl" alternative="1" required="false" />
      <ffbterm ffbtype="M0S8LCD" ffbid="0" term="com" wire="9" required="false" />
      <ffbterm ffbtype="M0S8LCD" ffbid="0" term="seg" wire="9" required="false" />
      <ffbterm ffbtype="LPCOMP" ffbid="0" term="comp" wire="1" alternative="1" required="true" />
      <ffbterm ffbtype="SCB" ffbid="1" term="spi_select" wire="1" required="true" />
      <ffbterm ffbtype="SCB" ffbid="1" term="select_m" wire="0" required="true" resource="spi_select_1" />
      <ffbterm ffbtype="SCB" ffbid="1" term="select_m" wire="1" required="true" resource="spi_select_1" />
      <ffbterm ffbtype="SCB" ffbid="1" term="select_m" wire="2" required="true" resource="spi_select_1" />
      <ffbterm ffbtype="SCB" ffbid="1" term="select_m" wire="3" required="true" resource="spi_select_1" />
    </pin>
    <pin number="30" name="P1[2]" portId="1" pinId="2" ioSupplyPin="VDDIO" capabilities="0x000000D000000417">
      <ffbterm ffbtype="OA" ffbid="2" term="vout_10x" required="false" />
      <ffbterm ffbtype="TCPWM" ffbid="1" term="line_out" alternative="1" required="false" />
      <ffbterm ffbtype="M0S8LCD" ffbid="0" term="com" wire="10" required="false" />
      <ffbterm ffbtype="M0S8LCD" ffbid="0" term="seg" wire="10" required="false" />
      <ffbterm ffbtype="SCB" ffbid="1" term="spi_select" wire="2" required="true" />
      <ffbterm ffbtype="SCB" ffbid="1" term="select_m" wire="0" required="true" resource="spi_select_2" />
      <ffbterm ffbtype="SCB" ffbid="1" term="select_m" wire="1" required="true" resource="spi_select_2" />
      <ffbterm ffbtype="SCB" ffbid="1" term="select_m" wire="2" required="true" resource="spi_select_2" />
      <ffbterm ffbtype="SCB" ffbid="1" term="select_m" wire="3" required="true" resource="spi_select_2" />
    </pin>
    <pin number="31" name="P1[3]" portId="1" pinId="3" ioSupplyPin="VDDIO" capabilities="0x000000D000000417">
      <ffbterm ffbtype="OA" ffbid="3" term="vout_10x" required="false" />
      <ffbterm ffbtype="TCPWM" ffbid="1" term="line_out_compl" alternative="1" required="false" />
      <ffbterm ffbtype="M0S8LCD" ffbid="0" term="com" wire="11" required="false" />
      <ffbterm ffbtype="M0S8LCD" ffbid="0" term="seg" wire="11" required="false" />
      <ffbterm ffbtype="SCB" ffbid="1" term="spi_select" wire="3" required="true" />
      <ffbterm ffbtype="SCB" ffbid="1" term="select_m" wire="0" required="true" resource="spi_select_3" />
      <ffbterm ffbtype="SCB" ffbid="1" term="select_m" wire="1" required="true" resource="spi_select_3" />
      <ffbterm ffbtype="SCB" ffbid="1" term="select_m" wire="2" required="true" resource="spi_select_3" />
      <ffbterm ffbtype="SCB" ffbid="1" term="select_m" wire="3" required="true" resource="spi_select_3" />
    </pin>
    <pin number="32" name="P1[4]" portId="1" pinId="4" ioSupplyPin="VDDIO" capabilities="0x000000D000000817">
      <ffbterm ffbtype="OA" ffbid="3" term="vminus" required="false" />
      <ffbterm ffbtype="TCPWM" ffbid="2" term="line_out" alternative="1" required="false" />
      <ffbterm ffbtype="SCB" ffbid="0" term="uart_rx" required="true" />
      <ffbterm ffbtype="SCB" ffbid="0" term="rx" required="true" />
      <ffbterm ffbtype="M0S8LCD" ffbid="0" term="com" wire="12" required="false" />
      <ffbterm ffbtype="M0S8LCD" ffbid="0" term="seg" wire="12" required="false" />
      <ffbterm ffbtype="SCB" ffbid="0" term="i2c_sda" required="true" />
      <ffbterm ffbtype="SCB" ffbid="0" term="sda" required="true" />
      <ffbterm ffbtype="SCB" ffbid="0" term="spi_mosi" required="true" />
      <ffbterm ffbtype="SCB" ffbid="0" term="mosi_m" required="true" />
      <ffbterm ffbtype="SCB" ffbid="0" term="mosi_s" required="true" />
    </pin>
    <pin number="33" name="P1[5]" portId="1" pinId="5" ioSupplyPin="VDDIO" capabilities="0x000000D000000217">
      <ffbterm ffbtype="OA" ffbid="3" term="vplus" required="false" />
      <ffbterm ffbtype="TCPWM" ffbid="2" term="line_out_compl" alternative="1" required="false" />
      <ffbterm ffbtype="SCB" ffbid="0" term="uart_tx" required="true" />
      <ffbterm ffbtype="SCB" ffbid="0" term="tx" required="true" />
      <ffbterm ffbtype="M0S8LCD" ffbid="0" term="com" wire="13" required="false" />
      <ffbterm ffbtype="M0S8LCD" ffbid="0" term="seg" wire="13" required="false" />
      <ffbterm ffbtype="SCB" ffbid="0" term="i2c_scl" required="true" />
      <ffbterm ffbtype="SCB" ffbid="0" term="scl" required="true" />
      <ffbterm ffbtype="SCB" ffbid="0" term="spi_miso" required="true" />
      <ffbterm ffbtype="SCB" ffbid="0" term="miso_m" required="true" />
      <ffbterm ffbtype="SCB" ffbid="0" term="miso_s" required="true" />
    </pin>
    <pin number="34" name="P1[6]" portId="1" pinId="6" ioSupplyPin="VDDIO" capabilities="0x000000D000000217">
      <ffbterm ffbtype="OA" ffbid="2" term="vplus_alt" required="false" />
      <ffbterm ffbtype="TCPWM" ffbid="3" term="line_out" alternative="1" required="false" />
      <ffbterm ffbtype="SCB" ffbid="0" term="uart_rts" required="true" />
      <ffbterm ffbtype="SCB" ffbid="0" term="rts" required="true" />
      <ffbterm ffbtype="M0S8LCD" ffbid="0" term="com" wire="14" required="false" />
      <ffbterm ffbtype="M0S8LCD" ffbid="0" term="seg" wire="14" required="false" />
      <ffbterm ffbtype="SCB" ffbid="0" term="spi_select" wire="0" required="true" />
      <ffbterm ffbtype="SCB" ffbid="0" term="select_m" wire="0" required="true" resource="spi_select_0" />
      <ffbterm ffbtype="SCB" ffbid="0" term="select_m" wire="1" required="true" resource="spi_select_0" />
      <ffbterm ffbtype="SCB" ffbid="0" term="select_m" wire="2" required="true" resource="spi_select_0" />
      <ffbterm ffbtype="SCB" ffbid="0" term="select_m" wire="3" required="true" resource="spi_select_0" />
      <ffbterm ffbtype="SCB" ffbid="0" term="select_s" required="true" resource="spi_select_0" />
    </pin>
    <pin number="35" name="P1[7]" portId="1" pinId="7" ioSupplyPin="VDDIO" capabilities="0x000000D000000217">
      <ffbterm ffbtype="OA" ffbid="3" term="vplus_alt" required="false" />
      <ffbterm ffbtype="TCPWM" ffbid="3" term="line_out_compl" alternative="1" required="false" />
      <ffbterm ffbtype="SCB" ffbid="0" term="uart_cts" required="true" />
      <ffbterm ffbtype="SCB" ffbid="0" term="cts" required="true" />
      <ffbterm ffbtype="M0S8LCD" ffbid="0" term="com" wire="15" required="false" />
      <ffbterm ffbtype="M0S8LCD" ffbid="0" term="seg" wire="15" required="false" />
      <ffbterm ffbtype="SCB" ffbid="0" term="spi_clk" required="true" />
      <ffbterm ffbtype="SCB" ffbid="0" term="sclk_m" required="true" />
      <ffbterm ffbtype="SCB" ffbid="0" term="sclk_s" required="true" />
    </pin>
    <pin number="36" name="VDDA" ioSupplyPin="VDDIO" powerPadNames="VDDA_CTB" capabilities="0x0000000000000000" />
    <pin number="37" name="P2[0]" portId="2" pinId="0" ioSupplyPin="VDDIO" capabilities="0x000000D000000217">
      <ffbterm ffbtype="OA" ffbid="0" term="vplus" required="false" />
      <ffbterm ffbtype="M0S8LCD" ffbid="0" term="com" wire="16" required="false" />
      <ffbterm ffbtype="M0S8LCD" ffbid="0" term="seg" wire="16" required="false" />
      <ffbterm ffbtype="SCB" ffbid="0" term="spi_select" wire="1" required="true" />
      <ffbterm ffbtype="SCB" ffbid="0" term="select_m" wire="0" required="true" resource="spi_select_1" />
      <ffbterm ffbtype="SCB" ffbid="0" term="select_m" wire="1" required="true" resource="spi_select_1" />
      <ffbterm ffbtype="SCB" ffbid="0" term="select_m" wire="2" required="true" resource="spi_select_1" />
      <ffbterm ffbtype="SCB" ffbid="0" term="select_m" wire="3" required="true" resource="spi_select_1" />
    </pin>
    <pin number="38" name="P2[1]" portId="2" pinId="1" ioSupplyPin="VDDIO" capabilities="0x000000D000000817">
      <ffbterm ffbtype="OA" ffbid="0" term="vminus" required="false" />
      <ffbterm ffbtype="M0S8LCD" ffbid="0" term="com" wire="17" required="false" />
      <ffbterm ffbtype="M0S8LCD" ffbid="0" term="seg" wire="17" required="false" />
      <ffbterm ffbtype="SCB" ffbid="0" term="spi_select" wire="2" required="true" />
      <ffbterm ffbtype="SCB" ffbid="0" term="select_m" wire="0" required="true" resource="spi_select_2" />
      <ffbterm ffbtype="SCB" ffbid="0" term="select_m" wire="1" required="true" resource="spi_select_2" />
      <ffbterm ffbtype="SCB" ffbid="0" term="select_m" wire="2" required="true" resource="spi_select_2" />
      <ffbterm ffbtype="SCB" ffbid="0" term="select_m" wire="3" required="true" resource="spi_select_2" />
    </pin>
    <pin number="39" name="P2[2]" portId="2" pinId="2" ioSupplyPin="VDDIO" capabilities="0x000000D000040417">
      <ffbterm ffbtype="OA" ffbid="0" term="vout_10x" required="false" />
      <ffbterm ffbtype="M0S8LCD" ffbid="0" term="com" wire="18" required="false" />
      <ffbterm ffbtype="M0S8LCD" ffbid="0" term="seg" wire="18" required="false" />
      <ffbterm ffbtype="SRSS" ffbid="0" term="wakeup" required="true" />
      <ffbterm ffbtype="SCB" ffbid="0" term="spi_select" wire="3" required="true" />
      <ffbterm ffbtype="SCB" ffbid="0" term="select_m" wire="0" required="true" resource="spi_select_3" />
      <ffbterm ffbtype="SCB" ffbid="0" term="select_m" wire="1" required="true" resource="spi_select_3" />
      <ffbterm ffbtype="SCB" ffbid="0" term="select_m" wire="2" required="true" resource="spi_select_3" />
      <ffbterm ffbtype="SCB" ffbid="0" term="select_m" wire="3" required="true" resource="spi_select_3" />
    </pin>
    <pin number="40" name="P2[3]" portId="2" pinId="3" ioSupplyPin="VDDIO" capabilities="0x000000D000000417">
      <ffbterm ffbtype="OA" ffbid="1" term="vout_10x" required="false" />
      <ffbterm ffbtype="M0S8LCD" ffbid="0" term="com" wire="19" required="false" />
      <ffbterm ffbtype="M0S8LCD" ffbid="0" term="seg" wire="19" required="false" />
      <ffbterm ffbtype="SRSS" ffbid="0" term="ext_clk_lf" alternative="1" required="true" />
    </pin>
    <pin number="41" name="P2[4]" portId="2" pinId="4" ioSupplyPin="VDDIO" capabilities="0x000000D000000817">
      <ffbterm ffbtype="OA" ffbid="1" term="vminus" required="false" />
      <ffbterm ffbtype="M0S8LCD" ffbid="0" term="com" wire="20" required="false" />
      <ffbterm ffbtype="M0S8LCD" ffbid="0" term="seg" wire="20" required="false" />
    </pin>
    <pin number="42" name="P2[5]" portId="2" pinId="5" ioSupplyPin="VDDIO" capabilities="0x000000D000000217">
      <ffbterm ffbtype="OA" ffbid="1" term="vplus" required="false" />
      <ffbterm ffbtype="M0S8LCD" ffbid="0" term="com" wire="21" required="false" />
      <ffbterm ffbtype="M0S8LCD" ffbid="0" term="seg" wire="21" required="false" />
    </pin>
    <pin number="43" name="P2[6]" portId="2" pinId="6" ioSupplyPin="VDDIO" capabilities="0x000000D000000217">
      <ffbterm ffbtype="OA" ffbid="0" term="vplus_alt" required="false" />
      <ffbterm ffbtype="M0S8LCD" ffbid="0" term="com" wire="22" required="false" />
      <ffbterm ffbtype="M0S8LCD" ffbid="0" term="seg" wire="22" required="false" />
    </pin>
    <pin number="44" name="P2[7]" portId="2" pinId="7" ioSupplyPin="VDDIO" capabilities="0x000000D400000217">
      <ffbterm ffbtype="OA" ffbid="1" term="vplus_alt" required="false" />
      <ffbterm ffbtype="SRSS" ffbid="0" term="ext_clk" alternative="1" required="true" />
      <ffbterm ffbtype="M0S8LCD" ffbid="0" term="com" wire="23" required="false" />
      <ffbterm ffbtype="M0S8LCD" ffbid="0" term="seg" wire="23" required="false" />
    </pin>
    <pin number="45" name="VREF" ioSupplyPin="VDDIO" dedicatedPadNames="VREF" capabilities="0x0000000040000000">
      <ffbterm ffbtype="SAR" ffbid="0" term="ext_vref" wire="0" required="false" />
    </pin>
    <pin number="46" name="VDDA" ioSupplyPin="VDDIO" powerPadNames="VDDA" capabilities="0x0000000000000000" />
    <pin number="47" name="P3[0]" portId="3" pinId="0" ioSupplyPin="VDDIO" capabilities="0x000000D000000017">
      <ffbterm ffbtype="SARMUX" ffbid="0" term="pads" wire="0" required="false" />
      <ffbterm ffbtype="TCPWM" ffbid="0" term="line_out" alternative="2" required="false" />
      <ffbterm ffbtype="SCB" ffbid="0" term="uart_rx" alternative="2" required="true" />
      <ffbterm ffbtype="SCB" ffbid="0" term="rx" alternative="2" required="true" />
      <ffbterm ffbtype="M0S8LCD" ffbid="0" term="com" wire="24" required="false" />
      <ffbterm ffbtype="M0S8LCD" ffbid="0" term="seg" wire="24" required="false" />
      <ffbterm ffbtype="SCB" ffbid="0" term="i2c_sda" alternative="2" required="true" />
      <ffbterm ffbtype="SCB" ffbid="0" term="sda" alternative="2" required="true" />
    </pin>
    <pin number="48" name="P3[1]" portId="3" pinId="1" ioSupplyPin="VDDIO" capabilities="0x000000D000000017">
      <ffbterm ffbtype="SARMUX" ffbid="0" term="pads" wire="1" required="false" />
      <ffbterm ffbtype="TCPWM" ffbid="0" term="line_out_compl" alternative="2" required="false" />
      <ffbterm ffbtype="SCB" ffbid="0" term="uart_tx" alternative="2" required="true" />
      <ffbterm ffbtype="SCB" ffbid="0" term="tx" alternative="2" required="true" />
      <ffbterm ffbtype="M0S8LCD" ffbid="0" term="com" wire="25" required="false" />
      <ffbterm ffbtype="M0S8LCD" ffbid="0" term="seg" wire="25" required="false" />
      <ffbterm ffbtype="SCB" ffbid="0" term="i2c_scl" alternative="2" required="true" />
      <ffbterm ffbtype="SCB" ffbid="0" term="scl" alternative="2" required="true" />
    </pin>
    <pin number="49" name="P3[2]" portId="3" pinId="2" ioSupplyPin="VDDIO" capabilities="0x000000D000000017">
      <ffbterm ffbtype="SARMUX" ffbid="0" term="pads" wire="2" required="false" />
      <ffbterm ffbtype="TCPWM" ffbid="1" term="line_out" alternative="2" required="false" />
      <ffbterm ffbtype="SCB" ffbid="0" term="uart_rts" alternative="2" required="true" />
      <ffbterm ffbtype="SCB" ffbid="0" term="rts" alternative="2" required="true" />
      <ffbterm ffbtype="M0S8LCD" ffbid="0" term="com" wire="26" required="false" />
      <ffbterm ffbtype="M0S8LCD" ffbid="0" term="seg" wire="26" required="false" />
    </pin>
    <pin number="50" name="P3[3]" portId="3" pinId="3" ioSupplyPin="VDDIO" capabilities="0x000000D000000017">
      <ffbterm ffbtype="SARMUX" ffbid="0" term="pads" wire="3" required="false" />
      <ffbterm ffbtype="TCPWM" ffbid="1" term="line_out_compl" alternative="2" required="false" />
      <ffbterm ffbtype="SCB" ffbid="0" term="uart_cts" alternative="2" required="true" />
      <ffbterm ffbtype="SCB" ffbid="0" term="cts" alternative="2" required="true" />
      <ffbterm ffbtype="M0S8LCD" ffbid="0" term="com" wire="27" required="false" />
      <ffbterm ffbtype="M0S8LCD" ffbid="0" term="seg" wire="27" required="false" />
    </pin>
    <pin number="51" name="P3[4]" portId="3" pinId="4" ioSupplyPin="VDDIO" capabilities="0x000000D000000017">
      <ffbterm ffbtype="SARMUX" ffbid="0" term="pads" wire="4" required="false" />
      <ffbterm ffbtype="TCPWM" ffbid="2" term="line_out" alternative="2" required="false" />
      <ffbterm ffbtype="SCB" ffbid="1" term="uart_rx" alternative="2" required="true" />
      <ffbterm ffbtype="SCB" ffbid="1" term="rx" alternative="2" required="true" />
      <ffbterm ffbtype="M0S8LCD" ffbid="0" term="com" wire="28" required="false" />
      <ffbterm ffbtype="M0S8LCD" ffbid="0" term="seg" wire="28" required="false" />
      <ffbterm ffbtype="SCB" ffbid="1" term="i2c_sda" alternative="2" required="true" />
      <ffbterm ffbtype="SCB" ffbid="1" term="sda" alternative="2" required="true" />
    </pin>
    <pin number="52" name="P3[5]" portId="3" pinId="5" ioSupplyPin="VDDIO" capabilities="0x000000D000000017">
      <ffbterm ffbtype="SARMUX" ffbid="0" term="pads" wire="5" required="false" />
      <ffbterm ffbtype="TCPWM" ffbid="2" term="line_out_compl" alternative="2" required="false" />
      <ffbterm ffbtype="SCB" ffbid="1" term="uart_tx" alternative="2" required="true" />
      <ffbterm ffbtype="SCB" ffbid="1" term="tx" alternative="2" required="true" />
      <ffbterm ffbtype="M0S8LCD" ffbid="0" term="com" wire="29" required="false" />
      <ffbterm ffbtype="M0S8LCD" ffbid="0" term="seg" wire="29" required="false" />
      <ffbterm ffbtype="SCB" ffbid="1" term="i2c_scl" alternative="2" required="true" />
      <ffbterm ffbtype="SCB" ffbid="1" term="scl" alternative="2" required="true" />
    </pin>
    <pin number="53" name="P3[6]" portId="3" pinId="6" ioSupplyPin="VDDIO" capabilities="0x000000D000000017">
      <ffbterm ffbtype="SARMUX" ffbid="0" term="pads" wire="6" required="false" />
      <ffbterm ffbtype="TCPWM" ffbid="3" term="line_out" alternative="2" required="false" />
      <ffbterm ffbtype="SCB" ffbid="1" term="uart_rts" alternative="2" required="true" />
      <ffbterm ffbtype="SCB" ffbid="1" term="rts" alternative="2" required="true" />
      <ffbterm ffbtype="M0S8LCD" ffbid="0" term="com" wire="30" required="false" />
      <ffbterm ffbtype="M0S8LCD" ffbid="0" term="seg" wire="30" required="false" />
    </pin>
    <pin number="54" name="P3[7]" portId="3" pinId="7" ioSupplyPin="VDDIO" capabilities="0x000000D000000017">
      <ffbterm ffbtype="SARMUX" ffbid="0" term="pads" wire="7" required="false" />
      <ffbterm ffbtype="TCPWM" ffbid="3" term="line_out_compl" alternative="2" required="false" />
      <ffbterm ffbtype="SCB" ffbid="1" term="uart_cts" alternative="2" required="true" />
      <ffbterm ffbtype="SCB" ffbid="1" term="cts" alternative="2" required="true" />
      <ffbterm ffbtype="M0S8LCD" ffbid="0" term="com" wire="31" required="false" />
      <ffbterm ffbtype="M0S8LCD" ffbid="0" term="seg" wire="31" required="false" />
      <ffbterm ffbtype="SRSS" ffbid="0" term="ext_clk_lf" required="true" />
    </pin>
    <pin number="55" name="VSSA" ioSupplyPin="VDDIO" powerPadNames="VSSA_SRSS" capabilities="0x0000000000000000" />
    <pin number="56" name="VCCD" ioSupplyPin="VDDIO" powerPadNames="VCCD;VCCD" capabilities="0x0000000000000000" />
  </pins>
</pindata>